{
  "H4_formal": {
    "reps": [
      "A_logistic",
      "A_lgbm",
      "B_lgbm",
      "C_gru4rec",
      "C_sasrec",
      "C_bert4rec",
      "D_D2"
    ],
    "pr_auc": [
      0.6104278379595502,
      0.6225790091037979,
      0.614200925200221,
      0.543631455006526,
      0.48584279161286065,
      0.5599736174461145,
      0.5409187712054249
    ],
    "wasserstein": [
      0.16934654128772303,
      0.01629601351506108,
      0.005325534998692107,
      0.18607918231756213,
      0.1624923166283924,
      0.19656640986796875,
      0.11544299999999999
    ],
    "spearman_rho_pr_vs_neg_wasserstein": 0.39285714285714296,
    "p_value": 0.3833168704269725,
    "verdict": "REFUTED (expected rho < 0; observed positive correlation)",
    "note": "n=7 reps; small sample size limits power"
  },
  "D2_vs_D3_matched_subsample": {
    "n": 121,
    "A_lgbm_pr_auc": 0.64678361056388,
    "D2_pr_auc": 0.6173021544761397,
    "D3_pr_auc": 0.674621184426149,
    "D3_minus_D2": 0.05731902995000937,
    "D3_minus_A_lgbm": 0.02783757386226904
  }
}