{
  "arm": "F-nobase",
  "model": "gemini-2.5-flash",
  "n": 1000,
  "elapsed_s": 1429.698976,
  "mean_stated_intent_prob": 0.37992999999999993,
  "mean_actual_label": 0.228,
  "signed_gap_E_stated_minus_E_actual": 0.15192999999999993,
  "pr_auc": {
    "point": 0.5731883069154949,
    "lo": 0.5154501963303597,
    "hi": 0.6326497386309728,
    "se": 0.029603207127357194
  },
  "roc_auc": {
    "point": 0.8568652849740933,
    "lo": 0.8260858953084942,
    "hi": 0.884171904487326,
    "se": 0.014008456939259025
  },
  "brier": {
    "point": 0.15443010000000001,
    "lo": 0.13936141,
    "hi": 0.17164319,
    "se": 0.00796394253279643
  },
  "ece": 0.15192999999999995,
  "wasserstein_decile": 0.15192999999999995,
  "under_dispersion": {
    "var_pred": 0.11028329509999998,
    "var_obs": 0.176016,
    "ratio": 0.6265526719161894,
    "levene_stat": 14.47455826399101,
    "levene_p": 0.00014633621580134858
  },
  "per_bucket_gap": {
    "1": {
      "n": 200,
      "mean_stated": 0.08579999999999999,
      "mean_actual": 0.015,
      "signed_gap": 0.07079999999999999
    },
    "101+": {
      "n": 200,
      "mean_stated": 0.7885,
      "mean_actual": 0.58,
      "signed_gap": 0.20850000000000002
    },
    "2-5": {
      "n": 200,
      "mean_stated": 0.12105,
      "mean_actual": 0.055,
      "signed_gap": 0.06605
    },
    "21-100": {
      "n": 200,
      "mean_stated": 0.63105,
      "mean_actual": 0.365,
      "signed_gap": 0.26605
    },
    "6-20": {
      "n": 200,
      "mean_stated": 0.27325000000000005,
      "mean_actual": 0.125,
      "signed_gap": 0.14825000000000005
    }
  }
}