{
  "arm": "F-nobase",
  "n": 594,
  "elapsed_s": 870.6108069419861,
  "mean_stated": 0.04089225589225589,
  "mean_actual": 0.016835016835016835,
  "signed_gap": 0.024057239057239055,
  "pr_auc": {
    "point": 0.41610007639419405,
    "lo": 0.1859546783625731,
    "hi": 0.7161952731950516,
    "se": 0.13201484054477902
  },
  "brier": {
    "point": 0.021176599326599325,
    "lo": 0.01256722643097643,
    "hi": 0.03210763888888888,
    "se": 0.005011229921348236
  },
  "per_bucket": {
    "101+": {
      "n": 200,
      "mean_stated": 0.07145,
      "mean_actual": 0.02,
      "signed_gap": 0.051449999999999996
    },
    "21-100": {
      "n": 200,
      "mean_stated": 0.02665,
      "mean_actual": 0.005,
      "signed_gap": 0.02165
    },
    "6-20": {
      "n": 188,
      "mean_stated": 0.012340425531914894,
      "mean_actual": 0.005319148936170213,
      "signed_gap": 0.007021276595744682
    }
  }
}