{
  "arms": {
    "F-base": {
      "n": 1000,
      "raw_mean_stated": 0.30299,
      "raw_mean_actual": 0.228,
      "raw_signed_gap": 0.07498999999999997,
      "reweighted_mean_stated": 0.29197415875386756,
      "reweighted_mean_actual": 0.21869902912621358,
      "reweighted_signed_gap": 0.07327512962765398,
      "reweighted_signed_gap_CI": {
        "point": 0.07327512962765398,
        "lo": 0.051984218713325495,
        "hi": 0.09404735989010991,
        "se": 0.010825458226318238,
        "B": 1000,
        "method": "stratified_bootstrap_within_bucket"
      },
      "per_bucket_gap": {
        "1": {
          "n": 200,
          "mean_stated": 0.049100000000000005,
          "mean_actual": 0.015,
          "gap": 0.034100000000000005
        },
        "2-5": {
          "n": 200,
          "mean_stated": 0.07930000000000001,
          "mean_actual": 0.055,
          "gap": 0.02430000000000001
        },
        "6-20": {
          "n": 200,
          "mean_stated": 0.15975,
          "mean_actual": 0.125,
          "gap": 0.03475
        },
        "21-100": {
          "n": 200,
          "mean_stated": 0.5084000000000001,
          "mean_actual": 0.365,
          "gap": 0.14340000000000008
        },
        "101+": {
          "n": 200,
          "mean_stated": 0.7184,
          "mean_actual": 0.58,
          "gap": 0.13840000000000008
        }
      },
      "pr_auc": {
        "point": 0.5680475691377415,
        "lo": 0.5082266257255668,
        "hi": 0.6222540006846478,
        "se": 0.029115075837164214
      },
      "brier": {
        "point": 0.12880090000000002,
        "lo": 0.11573340749999998,
        "hi": 0.14271234749999998,
        "se": 0.006718351862422509
      },
      "ece": 0.08358999999999998,
      "wasserstein_decile": 0.07498999999999999,
      "under_dispersion": {
        "var_pred": 0.08337795989999999,
        "var_obs": 0.176016,
        "ratio": 0.47369534530951724,
        "levene_stat": 0.13481322295804474,
        "levene_p": 0.7135316945413688
      },
      "calibration_curve": [
        {
          "bin": 0,
          "n": 8,
          "mean_pred": 0.021249999999999998,
          "actual_rate": 0.0
        },
        {
          "bin": 2,
          "n": 202,
          "mean_pred": 0.0500990099009901,
          "actual_rate": 0.01485148514851485
        },
        {
          "bin": 3,
          "n": 99,
          "mean_pred": 0.07000000000000003,
          "actual_rate": 0.020202020202020204
        },
        {
          "bin": 4,
          "n": 173,
          "mean_pred": 0.08554913294797686,
          "actual_rate": 0.06358381502890173
        },
        {
          "bin": 5,
          "n": 114,
          "mean_pred": 0.16307017543859645,
          "actual_rate": 0.14035087719298245
        },
        {
          "bin": 6,
          "n": 64,
          "mean_pred": 0.3140625,
          "actual_rate": 0.234375
        },
        {
          "bin": 7,
          "n": 110,
          "mean_pred": 0.5380000000000001,
          "actual_rate": 0.35454545454545455
        },
        {
          "bin": 9,
          "n": 230,
          "mean_pred": 0.752608695652174,
          "actual_rate": 0.6173913043478261
        }
      ]
    },
    "F-nobase": {
      "n": 1000,
      "raw_mean_stated": 0.37977999999999995,
      "raw_mean_actual": 0.228,
      "raw_signed_gap": 0.15177999999999994,
      "reweighted_mean_stated": 0.36941520644404136,
      "reweighted_mean_actual": 0.21869902912621358,
      "reweighted_signed_gap": 0.15071617731782777,
      "reweighted_signed_gap_CI": {
        "point": 0.15071617731782777,
        "lo": 0.12778734476688358,
        "hi": 0.17207505305131757,
        "se": 0.011122329303590238,
        "B": 1000,
        "method": "stratified_bootstrap_within_bucket"
      },
      "per_bucket_gap": {
        "1": {
          "n": 200,
          "mean_stated": 0.08579999999999999,
          "mean_actual": 0.015,
          "gap": 0.07079999999999999
        },
        "2-5": {
          "n": 200,
          "mean_stated": 0.12105,
          "mean_actual": 0.055,
          "gap": 0.06605
        },
        "6-20": {
          "n": 200,
          "mean_stated": 0.27375,
          "mean_actual": 0.125,
          "gap": 0.14875
        },
        "21-100": {
          "n": 200,
          "mean_stated": 0.63105,
          "mean_actual": 0.365,
          "gap": 0.26605
        },
        "101+": {
          "n": 200,
          "mean_stated": 0.7872499999999999,
          "mean_actual": 0.58,
          "gap": 0.20724999999999993
        }
      },
      "pr_auc": {
        "point": 0.573198061248521,
        "lo": 0.5154450437143936,
        "hi": 0.6327430235958784,
        "se": 0.029605780138872807
      },
      "brier": {
        "point": 0.15432759999999998,
        "lo": 0.13919218,
        "hi": 0.1716336425,
        "se": 0.007972165498914585
      },
      "ece": 0.15177999999999997,
      "wasserstein_decile": 0.15177999999999991,
      "under_dispersion": {
        "var_pred": 0.11029475159999999,
        "var_obs": 0.176016,
        "ratio": 0.6266177597491136,
        "levene_stat": 14.401666760341303,
        "levene_p": 0.0001520683800123834
      },
      "calibration_curve": [
        {
          "bin": 0,
          "n": 3,
          "mean_pred": 0.06333333333333334,
          "actual_rate": 0.0
        },
        {
          "bin": 3,
          "n": 335,
          "mean_pred": 0.07999999999999999,
          "actual_rate": 0.029850746268656716
        },
        {
          "bin": 4,
          "n": 116,
          "mean_pred": 0.1003448275862069,
          "actual_rate": 0.034482758620689655
        },
        {
          "bin": 5,
          "n": 142,
          "mean_pred": 0.21161971830985912,
          "actual_rate": 0.09859154929577464
        },
        {
          "bin": 6,
          "n": 91,
          "mean_pred": 0.6060439560439561,
          "actual_rate": 0.3076923076923077
        },
        {
          "bin": 7,
          "n": 109,
          "mean_pred": 0.7545871559633027,
          "actual_rate": 0.3853211009174312
        },
        {
          "bin": 9,
          "n": 204,
          "mean_pred": 0.8514705882352938,
          "actual_rate": 0.6372549019607843
        }
      ]
    },
    "D2-core": {
      "n": 1000,
      "raw_mean_stated": 0.317727,
      "raw_mean_actual": 0.228,
      "raw_signed_gap": 0.08972699999999997,
      "reweighted_mean_stated": 0.30776155595860455,
      "reweighted_mean_actual": 0.21869902912621358,
      "reweighted_signed_gap": 0.08906252683239096,
      "reweighted_signed_gap_CI": {
        "point": 0.08906252683239096,
        "lo": 0.06552108090259251,
        "hi": 0.11279822278886165,
        "se": 0.011812082955405843,
        "B": 1000,
        "method": "stratified_bootstrap_within_bucket"
      },
      "per_bucket_gap": {
        "1": {
          "n": 200,
          "mean_stated": 0.027735,
          "mean_actual": 0.015,
          "gap": 0.012735
        },
        "2-5": {
          "n": 200,
          "mean_stated": 0.10785,
          "mean_actual": 0.055,
          "gap": 0.05285
        },
        "6-20": {
          "n": 200,
          "mean_stated": 0.23875,
          "mean_actual": 0.125,
          "gap": 0.11374999999999999
        },
        "21-100": {
          "n": 200,
          "mean_stated": 0.5001,
          "mean_actual": 0.365,
          "gap": 0.1351
        },
        "101+": {
          "n": 200,
          "mean_stated": 0.7142000000000002,
          "mean_actual": 0.58,
          "gap": 0.1342000000000002
        }
      },
      "pr_auc": {
        "point": 0.5416289817076251,
        "lo": 0.47683881810353074,
        "hi": 0.600145474265709,
        "se": 0.0325180067791331
      },
      "brier": {
        "point": 0.165394527,
        "lo": 0.14923292305,
        "hi": 0.18318240084999998,
        "se": 0.009361279835395845
      },
      "ece": 0.12673299999999998,