{
  "arm": "F-base",
  "n": 594,
  "elapsed_s": 983.4747619628906,
  "mean_stated": 0.021380471380471378,
  "mean_actual": 0.016835016835016835,
  "signed_gap": 0.0045454545454545435,
  "pr_auc": {
    "point": 0.8987012987012987,
    "lo": 0.6802380952380953,
    "hi": 1.0,
    "se": 0.08475017231279199
  },
  "brier": {
    "point": 0.004346464646464646,
    "lo": 0.001600618686868687,
    "hi": 0.008065711279461278,
    "se": 0.0016530257226483162
  },
  "per_bucket": {
    "101+": {
      "n": 200,
      "mean_stated": 0.029400000000000003,
      "mean_actual": 0.02,
      "signed_gap": 0.009400000000000002
    },
    "21-100": {
      "n": 200,
      "mean_stated": 0.009250000000000001,
      "mean_actual": 0.005,
      "signed_gap": 0.004250000000000001
    },
    "6-20": {
      "n": 188,
      "mean_stated": 0.007978723404255319,
      "mean_actual": 0.005319148936170213,
      "signed_gap": 0.002659574468085106
    }
  }
}