{
  "arm": "F-base",
  "model": "gemini-2.5-flash",
  "n": 1000,
  "elapsed_s": 1631.965208,
  "mean_stated_intent_prob": 0.30255999999999994,
  "mean_actual_label": 0.228,
  "signed_gap_E_stated_minus_E_actual": 0.07455999999999993,
  "pr_auc": {
    "point": 0.568235785723068,
    "lo": 0.5082936171060991,
    "hi": 0.6222663555420905,
    "se": 0.029118218163313395
  },
  "roc_auc": {
    "point": 0.8595411780747204,
    "lo": 0.8331700965243634,
    "hi": 0.883474918348812,
    "se": 0.012741508211734299
  },
  "brier": {
    "point": 0.128519,
    "lo": 0.11552868999999999,
    "hi": 0.1425473475,
    "se": 0.006731057418769241
  },
  "ece": 0.08166,
  "wasserstein_decile": 0.07455999999999999,
  "under_dispersion": {
    "var_pred": 0.0833564464,
    "var_obs": 0.176016,
    "ratio": 0.4735731206253977,
    "levene_stat": 0.11470849171326676,
    "levene_p": 0.734881559397469
  },
  "per_bucket_gap": {
    "1": {
      "n": 200,
      "mean_stated": 0.049100000000000005,
      "mean_actual": 0.015,
      "signed_gap": 0.034100000000000005
    },
    "101+": {
      "n": 200,
      "mean_stated": 0.7174,
      "mean_actual": 0.58,
      "signed_gap": 0.13740000000000008
    },
    "2-5": {
      "n": 200,
      "mean_stated": 0.07930000000000001,
      "mean_actual": 0.055,
      "signed_gap": 0.02430000000000001
    },
    "21-100": {
      "n": 200,
      "mean_stated": 0.5072500000000001,
      "mean_actual": 0.365,
      "signed_gap": 0.1422500000000001
    },
    "6-20": {
      "n": 200,
      "mean_stated": 0.15975,
      "mean_actual": 0.125,
      "signed_gap": 0.03475
    }
  }
}