{
  "pairwise_spearman": {
    "A_logistic": {
      "A_logistic": 1.0,
      "A_lgbm": 0.9649919855745396,
      "B_lgbm": 0.9699487735320854,
      "C_gru4rec": 0.8327140390380989,
      "C_sasrec": 0.822424406902017,
      "C_bert4rec": 0.8175152471968196
    },
    "A_lgbm": {
      "A_logistic": 0.9649919855745397,
      "A_lgbm": 1.0,
      "B_lgbm": 0.98543224595728,
      "C_gru4rec": 0.8617004443499008,
      "C_sasrec": 0.8502467835994882,
      "C_bert4rec": 0.8469033046009962
    },
    "B_lgbm": {
      "A_logistic": 0.9699487735320855,
      "A_lgbm": 0.9854322459572799,
      "B_lgbm": 0.9999999999999999,
      "C_gru4rec": 0.8684402321146356,
      "C_sasrec": 0.857319159984395,
      "C_bert4rec": 0.8516675276850624
    },
    "C_gru4rec": {
      "A_logistic": 0.8327140390380989,
      "A_lgbm": 0.8617004443499008,
      "B_lgbm": 0.8684402321146357,
      "C_gru4rec": 1.0,
      "C_sasrec": 0.9733171621315752,
      "C_bert4rec": 0.9448173093383652
    },
    "C_sasrec": {
      "A_logistic": 0.822424406902017,
      "A_lgbm": 0.8502467835994882,
      "B_lgbm": 0.857319159984395,
      "C_gru4rec": 0.973317162131575,
      "C_sasrec": 1.0,
      "C_bert4rec": 0.9360885963962315
    },
    "C_bert4rec": {
      "A_logistic": 0.8175152471968196,
      "A_lgbm": 0.8469033046009962,
      "B_lgbm": 0.8516675276850624,
      "C_gru4rec": 0.944817309338365,
      "C_sasrec": 0.9360885963962315,
      "C_bert4rec": 1.0
    }
  }
}