{
  "F-base": {
    "n": 594,
    "mean_stated": 0.021380471380471378,
    "mean_actual": 0.016835016835016835,
    "signed_gap": 0.0045454545454545435,
    "pooled_spearman": {
      "rho": 0.37288881929012785,
      "p": 4.939184173222649e-21,
      "lo": 0.2527627792926196,
      "hi": 0.4720215797850181,
      "B": 1000
    },
    "within_bucket_spearman": {
      "rho": 0.44559295653546377,
      "p": 2.5744496278274566e-30,
      "lo": 0.3525820869877376,
      "hi": 0.5252225946012906,
      "B": 1000
    },
    "per_bucket": {
      "6-20": {
        "n": 188,
        "mean_stated": 0.007978723404255319,
        "mean_actual": 0.005319148936170213,
        "signed_gap": 0.002659574468085106
      },
      "21-100": {
        "n": 200,
        "mean_stated": 0.009250000000000001,
        "mean_actual": 0.005,
        "signed_gap": 0.004250000000000001
      },
      "101+": {
        "n": 200,
        "mean_stated": 0.029400000000000003,
        "mean_actual": 0.02,
        "signed_gap": 0.009400000000000002
      }
    }
  },
  "F-nobase": {
    "n": 594,
    "mean_stated": 0.04089225589225589,
    "mean_actual": 0.016835016835016835,
    "signed_gap": 0.024057239057239055,
    "pooled_spearman": {
      "rho": 0.24258961509399968,
      "p": 2.1027326117632084e-09,
      "lo": 0.1578571864338318,
      "hi": 0.30962857046203585,
      "B": 1000
    },
    "within_bucket_spearman": {
      "rho": 0.428491927363527,
      "p": 6.3519628635465315e-28,
      "lo": 0.3340797467544781,
      "hi": 0.5093761060221124,
      "B": 1000
    },
    "per_bucket": {
      "6-20": {
        "n": 188,
        "mean_stated": 0.012340425531914894,
        "mean_actual": 0.005319148936170213,
        "signed_gap": 0.007021276595744682
      },
      "21-100": {
        "n": 200,
        "mean_stated": 0.02665,
        "mean_actual": 0.005,
        "signed_gap": 0.02165
      },
      "101+": {
        "n": 200,
        "mean_stated": 0.07145,
        "mean_actual": 0.02,
        "signed_gap": 0.051449999999999996
      }
    }
  },
  "paired_diff_F-base_minus_F-nobase": {
    "diff_of_gaps": -0.01951178451178451,
    "95CI": [
      -0.029091750841750835,
      -0.011006734006734008
    ],
    "abs_leakage_contribution": 0.01951178451178451,
    "wilcoxon_p_paired_abs_err": 9.669650649466786e-32
  },
  "replication_verdicts": {
    "leakage_pattern_present": "True",
    "pooled_vs_within_decomposition": {
      "F-base": {
        "pooled_\u03c1": 0.37288881929012785,
        "within_\u03c1": 0.44559295653546377,
        "ratio_within_over_pooled": 1.1949753746538807
      },
      "F-nobase": {
        "pooled_\u03c1": 0.24258961509399968,
        "within_\u03c1": 0.428491927363527,
        "ratio_within_over_pooled": 1.7663242806065422
      }
    }
  }
}