{
  "methods": {
    "M1": {
      "n": 1000,
      "funnel_realized_purchase_rate": 0.354,
      "actual_rate": 0.21,
      "sandbox_signed_gap": 0.144,
      "sandbox_signed_gap_reweighted": 0.1477940894057398,
      "sandbox_gap_bootstrap": {
        "point": 0.144,
        "se": 0.018259148918699782,
        "lo": 0.11247136455777226,
        "hi": 0.18352536274405198,
        "B": 1000
      },
      "within_bucket_rho": {
        "per_bucket_rho": {
          "1": -0.0758692863633992,
          "2-5": -0.0907355393984124,
          "6-20": -0.017255419304732705,
          "21-100": -0.009462751592884035,
          "101+": -0.06512569260696481
        },
        "weighted_rho": -0.05168973785327863,
        "n_per_bucket": {
          "1": 200,
          "2-5": 200,
          "6-20": 200,
          "21-100": 200,
          "101+": 200
        }
      },
      "commitment_shrinkage": {
        "scalar_gap": 0.09384840000000003,
        "sandbox_gap": 0.144,
        "commitment_shrinkage": -0.05015159999999996,
        "null_se": 6.938893903907228e-18,
        "null_lo": -0.05015159999999996,
        "null_hi": -0.05015159999999996,
        "permutation_p": 1.0,
        "B": 1000
      },
      "per_bucket": {
        "1": {
          "n": 200,
          "funnel_purchase_rate": 0.22,
          "actual_rate": 0.02,
          "gap": 0.2
        },
        "2-5": {
          "n": 200,
          "funnel_purchase_rate": 0.185,
          "actual_rate": 0.035,
          "gap": 0.15
        },
        "6-20": {
          "n": 200,
          "funnel_purchase_rate": 0.365,
          "actual_rate": 0.145,
          "gap": 0.22
        },
        "21-100": {
          "n": 200,
          "funnel_purchase_rate": 0.46,
          "actual_rate": 0.32,
          "gap": 0.14
        },
        "101+": {
          "n": 200,
          "funnel_purchase_rate": 0.54,
          "actual_rate": 0.53,
          "gap": 0.010000000000000009
        }
      },
      "H10_pass": false
    },
    "M3": {
      "n": 1000,
      "funnel_realized_purchase_rate": 0.402,
      "actual_rate": 0.21,
      "sandbox_signed_gap": 0.19200000000000003,
      "sandbox_signed_gap_reweighted": 0.1890124826629681,
      "sandbox_gap_bootstrap": {
        "point": 0.19200000000000003,
        "se": 0.016349902451610426,
        "lo": 0.1547353008641844,
        "hi": 0.2217466446175184,
        "B": 1000
      },
      "within_bucket_rho": {
        "per_bucket_rho": {
          "1": -0.04067819981796424,
          "2-5": -0.07361772889557407,
          "6-20": 0.057390546260049545,
          "21-100": -0.04982770140662673,
          "101+": 0.10941897829364362
        },
        "weighted_rho": 0.000537178886705627,
        "n_per_bucket": {
          "1": 200,
          "2-5": 200,
          "6-20": 200,
          "21-100": 200,
          "101+": 200
        }
      },
      "commitment_shrinkage": {
        "scalar_gap": 0.0553023,
        "sandbox_gap": 0.19200000000000003,
        "commitment_shrinkage": -0.13669770000000003,
        "null_se": 2.7755575615628914e-17,
        "null_lo": -0.13669770000000003,
        "null_hi": -0.13669770000000003,
        "permutation_p": 1.0,
        "B": 1000
      },
      "per_bucket": {
        "1": {
          "n": 200,
          "funnel_purchase_rate": 0.075,
          "actual_rate": 0.02,
          "gap": 0.05499999999999999
        },
        "2-5": {
          "n": 200,
          "funnel_purchase_rate": 0.13,
          "actual_rate": 0.035,
          "gap": 0.095
        },
        "6-20": {
          "n": 200,
          "funnel_purchase_rate": 0.25,
          "actual_rate": 0.145,
          "gap": 0.10500000000000001
        },
        "21-100": {
          "n": 200,
          "funnel_purchase_rate": 0.705,
          "actual_rate": 0.32,
          "gap": 0.38499999999999995
        },
        "101+": {
          "n": 200,
          "funnel_purchase_rate": 0.85,
          "actual_rate": 0.53,
          "gap": 0.31999999999999995
        }
      },
      "H10_pass": false
    },
    "M8": {
      "n": 1000,
      "funnel_realized_purchase_rate": 0.313,
      "actual_rate": 0.21,
      "sandbox_signed_gap": 0.10300000000000001,
      "sandbox_signed_gap_reweighted": 0.09788328176677696,
      "sandbox_gap_bootstrap": {
        "point": 0.10300000000000001,
        "se": 0.015269545435925503,
        "lo": 0.06808535420889793,
        "hi": 0.12655641470180312,
        "B": 1000
      },
      "within_bucket_rho": {
        "per_bucket_rho": {
          "1": -0.027206478089547157,
          "2-5": 0.07339224832890381,
          "6-20": 0.07939468542877703,
          "21-100": 0.07981071622412711,
          "101+": 0.11893766206028425
        },
        "weighted_rho": 0.06486576679050901,
        "n_per_bucket": {
          "1": 200,
          "2-5": 200,
          "6-20": 200,
          "21-100": 200,
          "101+": 200
        }
      },
      "commitment_shrinkage": {
        "scalar_gap": 0.052384599999999976,
        "sandbox_gap": 0.10300000000000001,
        "commitment_shrinkage": -0.05061540000000003,
        "null_se": 2.0816681711721685e-17,
        "null_lo": -0.05061540000000003,
        "null_hi": -0.05061540000000003,
        "permutation_p": 1.0,
        "B": 1000
      },
      "per_bucket": {
        "1": {
          "n": 200,
          "funnel_purchase_rate": 0.035,
          "actual_rate": 0.02,
          "gap": 0.015000000000000003
        },
        "2-5": {
          "n": 200,
          "funnel_purchase_rate": 0.055,
          "actual_rate": 0.035,
          "gap": 0.019999999999999997
        },
        "6-20": {
          "n": 200,
          "funnel_purchase_rate": 0.14,
          "actual_rate": 0.145,
          "gap": -0.004999999999999977
        },
        "21-100": {
          "n": 200,
          "funnel_purchase_rate": 0.52,
          "actual_rate": 0.32,
          "gap": 0.2
        },
        "101+": {
          "n": 200,
          "funnel_purchase_rate": 0.815,
          "actual_rate": 0.53,
          "gap": 0.2849999999999999
        }
      },
      "H10_pass": false
    },
    "M9": {
      "n": 1000,
      "funnel_realized_purchase_rate": 0.454,
      "actual_rate": 0.21,
      "sandbox_signed_gap": 0.24400000000000002,
      "sandbox_signed_gap_reweighted": 0.24009335324869302,
      "sandbox_gap_bootstrap": {
        "point": 0.24400000000000002,
        "se": 0.014817594035305968,
        "lo": 0.211239275045343,
        "hi": 0.26990281126640336,
        "B": 1000
      },
      "within_bucket_rho": {
        "per_bucket_rho": {
          "1": -0.03277367626722311,
          "2-5": -0.059892290727946725,
          "6-20": 0.2337124790444175,
          "21-100": -0.05077700314997218,
          "101+": 0.18218664910671356
        },
        "weighted_rho": 0.05449123160119781,
        "n_per_bucket": {
          "1": 200,
          "2-5": 200,
          "6-20": 200,
          "21-100": 200,
          "101+": 200
        }
      },
      "commitment_shrinkage": {
        "scalar_gap": 0.06458650000000002,
        "sandbox_gap": 0.24400000000000002,
        "commitment_shrinkage": -0.1794135,
        "null_se": 5.551115123125783e-17,
        "null_lo": -0.1794135,
        "null_hi": -0.1794135,
        "permutation_p": 1.0,
        "B": 1000
      },
      "per_bucket": {
        "1": {
          "n": 200,
          "funnel_purchase_rate": 0.05,
          "actual_rate": 0.02,
          "gap": 0.030000000000000002
        },
        "2-5": {
          "n": 200,
          "funnel_purchase_rate": 0.09,
          "actual_rate": 0.035,
          "gap": 0.05499999999999999
        },
        "6-20": {
          "n": 200,
          "funnel_purchase_rate": 0.35,
          "actual_rate": 0.145,
          "gap": 0.205
        },
        "21-100": {
          "n": 200,
          "funnel_purchase_rate": 0.825,
          "actual_rate": 0.32,
          "gap": 0.5049999999999999
        },