{
  "gru4rec": {
    "seeds": [
      42,
      123,
      7,
      2024,
      999
    ],
    "pr_auc": [
      0.5436315888378151,
      0.5240538476210717,
      0.5263037044147536,
      0.5276393256251022,
      0.5197119164433772
    ],
    "mean": 0.528268076588424,
    "std": 0.008139523286590181,
    "min": 0.5197119164433772,
    "max": 0.5436315888378151
  },
  "sasrec": {
    "seeds": [
      42,
      123,
      7,
      2024,
      999
    ],
    "pr_auc": [
      0.48584270048710065,
      0.48983569631521534,
      0.4955857083898441,
      0.48809443250186624,
      0.490452402322654
    ],
    "mean": 0.4899621880033361,
    "std": 0.0032353973410754315,
    "min": 0.48584270048710065,
    "max": 0.4955857083898441
  },
  "bert4rec": {
    "seeds": [
      42,
      123,
      7,
      2024,
      999
    ],
    "pr_auc": [
      0.55997359886785,
      0.5646837662146704,
      0.5637873191383833,
      0.5606798468741958,
      0.5597403921413209
    ],
    "mean": 0.5617729846472841,
    "std": 0.002053989505550004,
    "min": 0.5597403921413209,
    "max": 0.5646837662146704
  }
}