{
  "F-base": {
    "pooled_spearman": {
      "rho": 0.528493848239049,
      "p": 4.964674433196344e-73,
      "lo": 0.48481628582460634,
      "hi": 0.5681347517186405,
      "B": 1000
    },
    "within_bucket_pooled_spearman": {
      "rho": 0.2808432393803065,
      "p": 1.3941975405029709e-19,
      "lo": 0.2076139242335328,
      "hi": 0.3533611875476631,
      "B": 1000
    },
    "per_bucket_spearman": {
      "1": {
        "rho": 0.01889050535735244,
        "p": 0.7906233382071034,
        "n": 200
      },
      "2-5": {
        "rho": 0.1815671637197512,
        "p": 0.010079916528602432,
        "n": 200
      },
      "6-20": {
        "rho": 0.28233990614028415,
        "p": 5.1090475386638414e-05,
        "n": 200
      },
      "21-100": {
        "rho": 0.3611349104707383,
        "p": 1.4916565226173915e-07,
        "n": 200
      },
      "101+": {
        "rho": 0.17122712860881628,
        "p": 0.015339191253615686,
        "n": 200
      }
    },
    "sheeran_r_comparator": 0.53,
    "pooled_minus_sheeran": -0.0015061517609510355,
    "within_minus_sheeran": -0.24915676061969355
  },
  "F-nobase": {
    "pooled_spearman": {
      "rho": 0.5317156074297205,
      "p": 4.610142656753105e-74,
      "lo": 0.48488700468823953,
      "hi": 0.5725089738632152,
      "B": 1000
    },
    "within_bucket_pooled_spearman": {
      "rho": 0.22767631417869805,
      "p": 3.1773866719696765e-13,
      "lo": 0.1617643918813236,
      "hi": 0.2991661281961974,
      "B": 1000
    },
    "per_bucket_spearman": {
      "1": {
        "rho": 0.0696464817769898,
        "p": 0.3271024993135536,
        "n": 200
      },
      "2-5": {
        "rho": 0.10357647384381692,
        "p": 0.14441664349261668,
        "n": 200
      },
      "6-20": {
        "rho": 0.28246022093376577,
        "p": 5.0698891674406974e-05,
        "n": 200
      },
      "21-100": {
        "rho": 0.31514858954513525,
        "p": 5.4856884351663254e-06,
        "n": 200
      },
      "101+": {
        "rho": 0.25323742397945503,
        "p": 0.00029686080521096363,
        "n": 200
      }
    },
    "sheeran_r_comparator": 0.53,
    "pooled_minus_sheeran": 0.0017156074297204338,
    "within_minus_sheeran": -0.302323685821302
  },
  "D2-core": {
    "pooled_spearman": {
      "rho": 0.49098809230494334,
      "p": 8.525009473248424e-62,
      "lo": 0.4447257331079209,
      "hi": 0.5318657468861137,
      "B": 1000
    },
    "within_bucket_pooled_spearman": {
      "rho": 0.26481911992742646,
      "p": 1.6467495584125154e-17,
      "lo": 0.19461212045303602,
      "hi": 0.33690590599336395,
      "B": 1000
    },
    "per_bucket_spearman": {
      "1": {
        "rho": 0.015496790014571205,
        "p": 0.8275872085009863,
        "n": 200
      },
      "2-5": {
        "rho": 0.16270129393835986,
        "p": 0.021341896750576912,
        "n": 200
      },
      "6-20": {
        "rho": 0.27117076548204355,
        "p": 0.00010278521923248472,
        "n": 200
      },
      "21-100": {
        "rho": 0.25968207816495104,
        "p": 0.00020453624771413326,
        "n": 200
      },
      "101+": {
        "rho": 0.19776020673791672,
        "p": 0.0050005594840818,
        "n": 200
      }
    },
    "sheeran_r_comparator": 0.53,
    "pooled_minus_sheeran": -0.03901190769505669,
    "within_minus_sheeran": -0.26518088007257357
  }
}