{
  "test_weights": {
    "2-5": 0.20812973434332657,
    "21-100": 0.20734023258295103,
    "1": 0.19848501013549558,
    "101+": 0.17657100181372026,
    "6-20": 0.20947402112450655
  },
  "arms": {
    "gemini_per_dp": {
      "M1": {
        "n": 1000,
        "actual_rate": 0.21,
        "funnel_rate": 0.625,
        "gap_reweighted": 0.42104192894484016,
        "bootstrap": {
          "point": 0.41500000000000004,
          "se": 0.017860190029733814,
          "lo": 0.3857384748746385,
          "hi": 0.4557351728368701,
          "B": 1000
        },
        "within_bucket_rho": {
          "per_bucket_rho": {
            "1": 0.12760182301773404,
            "2-5": 0.05919373299998824,
            "6-20": 0.06940781093700432,
            "21-100": 0.0010111973002537192,
            "101+": 0.006394893195992409
          },
          "weighted_rho": 0.052721891490194545,
          "n_per_bucket": {
            "1": 200,
            "2-5": 200,
            "6-20": 200,
            "21-100": 200,
            "101+": 200
          }
        },
        "per_bucket": {
          "1": {
            "n": 200,
            "funnel_rate": 0.33,
            "actual_rate": 0.02,
            "gap": 0.31
          },
          "2-5": {
            "n": 200,
            "funnel_rate": 0.56,
            "actual_rate": 0.035,
            "gap": 0.525
          },
          "6-20": {
            "n": 200,
            "funnel_rate": 0.68,
            "actual_rate": 0.145,
            "gap": 0.535
          },
          "21-100": {
            "n": 200,
            "funnel_rate": 0.765,
            "actual_rate": 0.32,
            "gap": 0.445
          },
          "101+": {
            "n": 200,
            "funnel_rate": 0.79,
            "actual_rate": 0.53,
            "gap": 0.26
          }
        }
      },
      "M2": {
        "n": 354,
        "actual_rate": 0.02824858757062147,
        "funnel_rate": 0.12429378531073447,
        "gap_reweighted": 0.10770962140294635,
        "bootstrap": {
          "point": 0.096045197740113,
          "se": 0.020661751970039458,
          "lo": 0.06824142377353966,
          "hi": 0.1500471523779537,
          "B": 1000
        },
        "within_bucket_rho": {
          "per_bucket_rho": {
            "1": -0.03277367626722311,
            "2-5": 0.13554488752506025
          },
          "weighted_rho": 0.04044965374410919,
          "n_per_bucket": {
            "1": 200,
            "2-5": 154
          }
        },
        "per_bucket": {
          "1": {
            "n": 200,
            "funnel_rate": 0.05,
            "actual_rate": 0.02,
            "gap": 0.03
          },
          "2-5": {
            "n": 154,
            "funnel_rate": 0.22077922077922077,
            "actual_rate": 0.03896103896103896,
            "gap": 0.18181818181818182
          }
        }
      }
    },
    "claude_meta_policy": {
      "M1": {
        "n": 1000,
        "actual_rate": 0.21,
        "funnel_rate": 0.354,
        "gap_reweighted": 0.1477940894057398,
        "bootstrap": {
          "point": 0.144,
          "se": 0.018259148918699782,
          "lo": 0.11247136455777226,
          "hi": 0.18352536274405198,
          "B": 1000
        },
        "within_bucket_rho": {
          "per_bucket_rho": {
            "1": -0.0758692863633992,
            "2-5": -0.0907355393984124,
            "6-20": -0.017255419304732705,
            "21-100": -0.009462751592884035,
            "101+": -0.06512569260696481
          },
          "weighted_rho": -0.05168973785327863,
          "n_per_bucket": {
            "1": 200,
            "2-5": 200,
            "6-20": 200,
            "21-100": 200,
            "101+": 200
          }
        },
        "per_bucket": {
          "1": {
            "n": 200,
            "funnel_rate": 0.22,
            "actual_rate": 0.02,
            "gap": 0.2
          },
          "2-5": {
            "n": 200,
            "funnel_rate": 0.185,
            "actual_rate": 0.035,
            "gap": 0.15
          },
          "6-20": {
            "n": 200,
            "funnel_rate": 0.365,
            "actual_rate": 0.145,
            "gap": 0.22
          },
          "21-100": {
            "n": 200,
            "funnel_rate": 0.46,
            "actual_rate": 0.32,
            "gap": 0.14
          },
          "101+": {
            "n": 200,
            "funnel_rate": 0.54,
            "actual_rate": 0.53,
            "gap": 0.01
          }
        }
      },
      "M3": {
        "n": 1000,
        "actual_rate": 0.21,
        "funnel_rate": 0.402,
        "gap_reweighted": 0.1890124826629681,
        "bootstrap": {
          "point": 0.19200000000000003,
          "se": 0.016349902451610426,
          "lo": 0.1547353008641844,
          "hi": 0.2217466446175184,
          "B": 1000
        },
        "within_bucket_rho": {
          "per_bucket_rho": {
            "1": -0.04067819981796424,
            "2-5": -0.07361772889557407,
            "6-20": 0.057390546260049545,
            "21-100": -0.04982770140662673,
            "101+": 0.10941897829364362
          },
          "weighted_rho": 0.000537178886705627,
          "n_per_bucket": {
            "1": 200,
            "2-5": 200,
            "6-20": 200,
            "21-100": 200,
            "101+": 200
          }
        },
        "per_bucket": {
          "1": {
            "n": 200,
            "funnel_rate": 0.075,
            "actual_rate": 0.02,
            "gap": 0.055
          },
          "2-5": {
            "n": 200,
            "funnel_rate": 0.13,
            "actual_rate": 0.035,
            "gap": 0.095
          },
          "6-20": {
            "n": 200,
            "funnel_rate": 0.25,
            "actual_rate": 0.145,
            "gap": 0.105
          },
          "21-100": {
            "n": 200,
            "funnel_rate": 0.705,
            "actual_rate": 0.32,
            "gap": 0.385
          },
          "101+": {
            "n": 200,
            "funnel_rate": 0.85,
            "actual_rate": 0.53,
            "gap": 0.32
          }
        }
      },
      "M8": {
        "n": 1000,
        "actual_rate": 0.21,
        "funnel_rate": 0.313,
        "gap_reweighted": 0.09788328176677696,
        "bootstrap": {
          "point": 0.10300000000000001,
          "se": 0.015269545435925503,
          "lo": 0.06808535420889793,
          "hi": 0.12655641470180312,
          "B": 1000
        },
        "within_bucket_rho": {
          "per_bucket_rho": {
            "1": -0.027206478089547157,
            "2-5": 0.07339224832890381,
            "6-20": 0.07939468542877703,
            "21-100": 0.07981071622412711,
            "101+": 0.11893766206028425
          },
          "weighted_rho": 0.06486576679050901,
          "n_per_bucket": {
            "1": 200,
            "2-5": 200,
            "6-20": 200,
            "21-100": 200,
            "101+": 200
          }
        },
        "per_bucket": {
          "1": {
            "n": 200,
            "funnel_rate": 0.035,
            "actual_rate": 0.02,
            "gap": 0.015
          },
          "2-5": {
            "n": 200,
            "funnel_rate": 0.055,
            "actual_rate": 0.035,
            "gap": 0.02
          },
          "6-20": {
            "n": 200,
            "funnel_rate": 0.14,
            "actual_rate": 0.145,
            "gap": -0.005
          },
          "21-100": {
            "n": 200,
            "funnel_rate": 0.52,
            "actual_rate": 0.32,
            "gap": 0.2
          },
          "101+": {
            "n": 200,
            "funnel_rate": 0.815,
            "actual_rate": 0.53,
            "gap": 0.285
          }
        }
      },
      "M9": {
        "n": 1000,
        "actual_rate": 0.21,
        "funnel_rate": 0.454,
        "gap_reweighted": 0.24009335324869302,
        "bootstrap": {
          "point": 0.24400000000000002,
          "se": 0.014817594035305968,