{
  "domain": "MovieLens",
  "windows": [
    "w0_T-90_T-60",
    "w1_T-60_T-30",
    "w2_T-30_T"
  ],
  "n_users": 594,
  "per_window_rate": {
    "w0_T-90_T-60": 0.011784511784511785,
    "w1_T-60_T-30": 0.020202020202020204,
    "w2_T-30_T": 0.026936026936026935
  },
  "pairwise_corr": {
    "w0_T-90_T-60__vs__w1_T-60_T-30": {
      "pearson_r": 0.3169695183571877,
      "pearson_p": 2.494255059173008e-15,
      "spearman_rho": 0.3169695183571874,
      "spearman_p": 2.494255059173099e-15
    },
    "w1_T-60_T-30__vs__w2_T-30_T": {
      "pearson_r": 0.19784318658853592,
      "pearson_p": 1.174942435502002e-06,
      "spearman_rho": 0.19784318658853606,
      "spearman_p": 1.1749424355019677e-06
    }
  },
  "past_two_predicts_current": {
    "pearson_r": 0.23031224480714207,
    "pearson_p": 1.3637695720384725e-08,
    "spearman_rho": 0.16748616241007422,
    "spearman_p": 4.088750676178048e-05
  }
}