{
  "overall": {
    "A_logistic": {
      "point": 0.6104278379595502,
      "lo": 0.5994523020217757,
      "hi": 0.6199094760911134,
      "se": 0.005401946450681713
    },
    "A_lgbm": {
      "point": 0.6225790091037979,
      "lo": 0.6114495994684342,
      "hi": 0.6336340226577446,
      "se": 0.005460127403349539
    },
    "B_lgbm": {
      "point": 0.614200925200221,
      "lo": 0.6027774334562448,
      "hi": 0.6250752476192808,
      "se": 0.0054534185868613475
    },
    "C_gru4rec": {
      "point": 0.543631455006526,
      "lo": 0.5327982927709325,
      "hi": 0.5545491438353155,
      "se": 0.005441292978003825
    },
    "C_sasrec": {
      "point": 0.48584279161286065,
      "lo": 0.47582955027965385,
      "hi": 0.4964662525805435,
      "se": 0.005366849993211368
    },
    "C_bert4rec": {
      "point": 0.5599736174461145,
      "lo": 0.5491870452441577,
      "hi": 0.5707207467721218,
      "se": 0.005253484157179537
    },
    "D_D2": {
      "point": 0.5409187712054249,
      "lo": 0.5113636311602054,
      "hi": 0.5690925878976297,
      "se": 0.014803246471796623
    },
    "A_logistic_on_D2_sub": {
      "point": 0.6367536832125945,
      "lo": 0.6066332276035121,
      "hi": 0.6676513584695051,
      "se": 0.01531283103256506
    },
    "A_lgbm_on_D2_sub": {
      "point": 0.6477377121367225,
      "lo": 0.6164818707946312,
      "hi": 0.6780415025795201,
      "se": 0.015571356007223978
    },
    "B_lgbm_on_D2_sub": {
      "point": 0.6351448300688706,
      "lo": 0.6042182866016069,
      "hi": 0.6635357838870347,
      "se": 0.015605833311937375
    },
    "C_gru4rec_on_D2_sub": {
      "point": 0.5560190164409989,
      "lo": 0.5239235735161784,
      "hi": 0.5846869600387006,
      "se": 0.016420871232972017
    },
    "C_sasrec_on_D2_sub": {
      "point": 0.4928686182661331,
      "lo": 0.4636005086977375,
      "hi": 0.5217843026326342,
      "se": 0.01512514494221673
    },
    "C_bert4rec_on_D2_sub": {
      "point": 0.5806750070048147,
      "lo": 0.5508518516115936,
      "hi": 0.6127096857506215,
      "se": 0.015922930589845702
    },
    "D_D3": {
      "point": 0.598662952831892,
      "lo": 0.5336564287156976,
      "hi": 0.6594589952168132,
      "se": 0.03238694248646972
    },
    "A_logistic_on_D3_sub": {
      "point": 0.6032810065029371,
      "lo": 0.5325169861871433,
      "hi": 0.6674922693684542,
      "se": 0.035881061623314114
    },
    "A_lgbm_on_D3_sub": {
      "point": 0.6330220338914903,
      "lo": 0.5635554591482069,
      "hi": 0.6961929665553079,
      "se": 0.03407390109058696
    },
    "B_lgbm_on_D3_sub": {
      "point": 0.6135859109483295,
      "lo": 0.5405035110279786,
      "hi": 0.6818333770468892,
      "se": 0.035573293704824316
    },
    "C_gru4rec_on_D3_sub": {
      "point": 0.5857583215005682,
      "lo": 0.5171278875900175,
      "hi": 0.6555357070582493,
      "se": 0.03497634645367966
    },
    "C_sasrec_on_D3_sub": {
      "point": 0.5387015779836763,
      "lo": 0.48000803781722734,
      "hi": 0.6077235197966875,
      "se": 0.03295336097910791
    },
    "C_bert4rec_on_D3_sub": {
      "point": 0.5938346442463204,
      "lo": 0.5267062079962221,
      "hi": 0.6610458493419024,
      "se": 0.03376631043050426
    }
  },
  "by_bucket": {
    "1": {
      "A_logistic": {
        "pr_auc": 0.06550289164072563,
        "n": 9302
      },
      "A_lgbm": {
        "pr_auc": 0.06104469121831477,
        "n": 9302
      },
      "B_lgbm": {
        "pr_auc": 0.06470003661728452,
        "n": 9302
      },
      "C_gru4rec": {
        "pr_auc": 0.027413459471081487,
        "n": 9302
      },
      "C_sasrec": {
        "pr_auc": 0.027413459471081487,
        "n": 9302
      },
      "C_bert4rec": {
        "pr_auc": 0.02892391785264931,
        "n": 9302
      },
      "D_D2": {
        "pr_auc": 0.03198627944627633,
        "n": 1000
      },
      "A_logistic_on_5k": {
        "pr_auc": 0.03394962433893982,
        "n": 1000
      },
      "A_lgbm_on_5k": {
        "pr_auc": 0.03244444794923936,
        "n": 1000
      },
      "B_lgbm_on_5k": {
        "pr_auc": 0.035626158775774255,
        "n": 1000
      },
      "C_gru4rec_on_5k": {
        "pr_auc": 0.021,
        "n": 1000
      },
      "C_sasrec_on_5k": {
        "pr_auc": 0.021,
        "n": 1000
      },
      "C_bert4rec_on_5k": {
        "pr_auc": 0.022781369321471484,
        "n": 1000
      }
    },
    "2-5": {
      "A_logistic": {
        "pr_auc": 0.1190960725025226,
        "n": 9754
      },
      "A_lgbm": {
        "pr_auc": 0.12462318398320478,
        "n": 9754
      },
      "B_lgbm": {
        "pr_auc": 0.13012131415591732,
        "n": 9754
      },
      "C_gru4rec": {
        "pr_auc": 0.058621182781199675,
        "n": 9754
      },
      "C_sasrec": {
        "pr_auc": 0.058621182781199675,
        "n": 9754
      },
      "C_bert4rec": {
        "pr_auc": 0.0601685813200974,
        "n": 9754
      },
      "D_D2": {
        "pr_auc": 0.11471440608148249,
        "n": 1000
      },
      "A_logistic_on_5k": {
        "pr_auc": 0.134306915781148,
        "n": 1000
      },
      "A_lgbm_on_5k": {
        "pr_auc": 0.1255701883482847,
        "n": 1000
      },
      "B_lgbm_on_5k": {
        "pr_auc": 0.1301659968686998,
        "n": 1000
      },
      "C_gru4rec_on_5k": {
        "pr_auc": 0.07880209507074942,
        "n": 1000
      },
      "C_sasrec_on_5k": {
        "pr_auc": 0.07880209507074942,
        "n": 1000
      },
      "C_bert4rec_on_5k": {
        "pr_auc": 0.09623654051017648,
        "n": 1000
      }
    },
    "6-20": {
      "A_logistic": {
        "pr_auc": 0.21491870786343653,
        "n": 9817
      },
      "A_lgbm": {
        "pr_auc": 0.24011028994815448,
        "n": 9817
      },
      "B_lgbm": {
        "pr_auc": 0.23953831982254586,
        "n": 9817
      },
      "C_gru4rec": {
        "pr_auc": 0.1581650647219041,
        "n": 9817
      },
      "C_sasrec": {
        "pr_auc": 0.15304343926629072,
        "n": 9817
      },
      "C_bert4rec": {
        "pr_auc": 0.16228702340105228,
        "n": 9817
      },
      "D_D2": {
        "pr_auc": 0.21888822618465006,
        "n": 1000
      },
      "A_logistic_on_5k": {
        "pr_auc": 0.26819319995599955,
        "n": 1000
      },
      "A_lgbm_on_5k": {
        "pr_auc": 0.266564818381941,
        "n": 1000
      },
      "B_lgbm_on_5k": {
        "pr_auc": 0.2761916253343289,
        "n": 1000
      },
      "C_gru4rec_on_5k": {
        "pr_auc": 0.16301698976515377,
        "n": 1000
      },
      "C_sasrec_on_5k": {
        "pr_auc": 0.1512452686224507,
        "n": 1000
      },
      "C_bert4rec_on_5k": {
        "pr_auc": 0.1778290270816601,
        "n": 1000
      }
    },
    "21-100": {
      "A_logistic": {
        "pr_auc": 0.4696226900141376,
        "n": 9717
      },
      "A_lgbm": {
        "pr_auc": 0.4868773519313164,
        "n": 9717
      },
      "B_lgbm": {
        "pr_auc": 0.48530924239847656,
        "n": 9717
      },
      "C_gru4rec": {
        "pr_auc": 0.43027454536291093,
        "n": 9717
      },
      "C_sasrec": {
        "pr_auc": 0.3921612076217599,
        "n": 9717
      },
      "C_bert4rec": {
        "pr_auc": 0.44437778157420876,
        "n": 9717
      },
      "D_D2": {
        "pr_auc": 0.41929546304803506,
        "n": 1000
      },
      "A_logistic_on_5k": {
        "pr_auc": 0.4435024813813261,
        "n": 1000
      },
      "A_lgbm_on_5k": {
        "pr_auc": 0.4921124576457504,
        "n": 1000
      },
      "B_lgbm_on_5k": {
        "pr_auc": 0.48506603942294546,
        "n": 1000
      },
      "C_gru4rec_on_5k": {
        "pr_auc": 0.43469539834155185,
        "n": 1000
      },
      "C_sasrec_on_5k": {
        "pr_auc": 0.3707667797707459,
        "n": 1000
      },
      "C_bert4rec_on_5k": {
        "pr_auc": 0.4488420846781821,
        "n": 1000
      }
    },